{"graph": {"_type": "graph-file", "sha256": "ae0a4740d25ac56511e120a209d300b3e1652687de1616f4639eaff78ea452f3", "size": 2442, "path": "media/graph/graph_summary_ae0a4740d25ac56511e1.graph.json"}, "epoch": 4, "_timestamp": 1690782201.396787, "loss": 0.15076863765716553, "accuracy": 0.9483166933059692, "val_loss": 0.29817453026771545, "val_accuracy": 0.9125000238418579, "_runtime": 6144.909831047058, "_step": 4, "best_val_loss": 0.26637980341911316, "best_epoch": 1, "_wandb": {"runtime": 6144}}